<?xml version="1.0" encoding="UTF-8"?>

<!DOCTYPE beans PUBLIC "-//SPRING//DTD BEAN 2.0//EN"
			"https://www.springframework.org/dtd/spring-beans-2.0.dtd">

<beans>

	<bean id="f" class="com.Faculty" scope="singleton">
		<property name="fid" value="101"></property>
		<property name="fname" value="Nilesh"></property>
		<property name="course" ref="c"></property>
		<lookup-method name="getCourse"/>
	</bean>
	
	<bean id="c" class="com.Course" scope="prototype">
		<property name="cid" value="11"></property>
		<property name="cname" value="java"></property>
	</bean>
	
	<!-- <bean id="c1" class="com.Course">
		<property name="cid" value="11"></property>
		<property name="cname" value="java"></property>
	</bean> -->


</beans>