<?xml version="1.0" encoding="UTF-8"?>

<!DOCTYPE hibernate-configuration PUBLIC
	"-//Hibernate/Hibernate Configuration DTD 3.0//EN"
	"http://www.hibernate.org/dtd/hibernate-configuration-3.0.dtd">

<hibernate-configuration>

	<session-factory>
	
	<!-- Connection -->
	<property name="connection.driverClassName">com.mysql.jdbc.Driver</property>
	<property name="connection.url">jdbc:mysql://localhost:3306/batch33hbm1</property>
	<property name="connection.username">root</property>
	<property name="connection.password">root</property>
	
	<!-- Hibernate properties -->
	<property name="hibernate.dialect">org.hibernate.dialect.MySQLDialect</property>
	<property name="hibernate.show_sql">true</property>
	<property name="hibernate.hbm2ddl.auto">update</property>
	
	<mapping resource="student.hbm.xml"/>
	
	

	</session-factory>

</hibernate-configuration>