<?xml version="1.0" encoding="UTF-8"?>

<!DOCTYPE beans PUBLIC "-//SPRING//DTD BEAN 2.0//EN"
			"https://www.springframework.org/dtd/spring-beans-2.0.dtd">

<beans>
	<bean id="s" class="com.Student">
		<constructor-arg value="22" index="0"></constructor-arg>
		<constructor-arg value="xyz"></constructor-arg>

		<property name="sid" value="11"></property>
		<!-- <property name="sname" value="abc"></property> -->

	</bean>

	<bean id="c" class="com.College">
		<constructor-arg value="xyz"></constructor-arg>
		<constructor-arg value="22" index="0"></constructor-arg>

		<property name="list">
			<list>
				<value>abc</value>
				<value>xyz</value>
			</list>
		</property>

		<property name="map">
			<map>
				<entry key="11" value="abc"></entry>
				<entry key="11" value="abc"></entry>
			</map>
		</property>

	</bean>


	<bean id="a" class="com.A">
		<constructor-arg value="11"></constructor-arg>
	</bean>




</beans>